{"cameraMode":{"drawMode":0,"name":"Shaded","section":"Shading Mode"},"sceneLighting":false,"audioPlay":false,"sceneViewState":{"m_AlwaysRefresh":false,"showFog":true,"showSkybox":false,"showFlares":true,"showImageEffects":true,"showParticleSystems":true,"showVisualEffectGraphs":true,"m_FxEnabled":true},"in2DMode":false,"pivot":{"x":0.23286199569702149,"y":0.7253819704055786,"z":-0.04294586181640625},"rotation":{"x":-0.057459671050310138,"y":0.9423564672470093,"z":-0.24623899161815644,"w":-0.21950700879096986},"size":2.0119688510894777,"orthographic":false}