{"cameraMode":{"drawMode":0,"name":"Shaded","section":"Shading Mode"},"sceneLighting":false,"audioPlay":false,"sceneViewState":{"m_AlwaysRefresh":false,"showFog":true,"showSkybox":false,"showFlares":true,"showImageEffects":true,"showParticleSystems":true,"showVisualEffectGraphs":true,"m_FxEnabled":true},"in2DMode":false,"pivot":{"x":-0.10972617566585541,"y":0.3805457055568695,"z":0.1345280259847641},"rotation":{"x":-0.3193129897117615,"y":0.6359813809394836,"z":-0.32622650265693667,"w":-0.6223302483558655},"size":1.9467476606369019,"orthographic":false}