{"cameraMode":{"drawMode":0,"name":"Shaded","section":"Shading Mode"},"sceneLighting":false,"audioPlay":false,"sceneViewState":{"m_AlwaysRefresh":false,"showFog":true,"showSkybox":false,"showFlares":true,"showImageEffects":true,"showParticleSystems":true,"showVisualEffectGraphs":true,"m_FxEnabled":true},"in2DMode":false,"pivot":{"x":0.005279541015625,"y":0.737713098526001,"z":-0.0977853536605835},"rotation":{"x":-0.35681718587875368,"y":0.03590456768870354,"z":-0.013648586347699166,"w":-0.9334654808044434},"size":1.9539681673049927,"orthographic":false}