{"cameraMode":{"drawMode":0,"name":"Shaded","section":"Shading Mode"},"sceneLighting":false,"audioPlay":false,"sceneViewState":{"m_AlwaysRefresh":false,"showFog":true,"showSkybox":false,"showFlares":true,"showImageEffects":true,"showParticleSystems":true,"showVisualEffectGraphs":true,"m_FxEnabled":true},"in2DMode":false,"pivot":{"x":0.005279541015625,"y":0.9079742431640625,"z":-0.11686331033706665},"rotation":{"x":0.005421449430286884,"y":0.8835092186927795,"z":-0.46843114495277407,"w":0.010393522679805756},"size":2.0558197498321535,"orthographic":false}