{"cameraMode":{"drawMode":0,"name":"Shaded","section":"Shading Mode"},"sceneLighting":false,"audioPlay":false,"sceneViewState":{"m_AlwaysRefresh":false,"showFog":true,"showSkybox":false,"showFlares":true,"showImageEffects":true,"showParticleSystems":true,"showVisualEffectGraphs":true,"m_FxEnabled":true},"in2DMode":false,"pivot":{"x":3.9999866485595705,"y":-0.825576901435852,"z":16.00001335144043},"rotation":{"x":0.020215708762407304,"y":0.7982898950576782,"z":-0.601351797580719,"w":0.026832060888409616},"size":2.8284380435943605,"orthographic":false}