{"cameraMode":{"drawMode":0,"name":"Shaded","section":"Shading Mode"},"sceneLighting":false,"audioPlay":false,"sceneViewState":{"m_AlwaysRefresh":false,"showFog":true,"showSkybox":false,"showFlares":true,"showImageEffects":true,"showParticleSystems":true,"showVisualEffectGraphs":true,"m_FxEnabled":true},"in2DMode":false,"pivot":{"x":0.005279541015625,"y":0.7327920198440552,"z":-0.019891202449798585},"rotation":{"x":-0.057459671050310138,"y":0.9423564672470093,"z":-0.24623899161815644,"w":-0.21950700879096986},"size":1.9971953630447388,"orthographic":false}